Scenario,q_estimate,inverted_rain_std_Scenario_Value
Baseline (Static),0.7130796115415309,-0.03761971081835676
Average Climate,3.9943396548986527,-0.03761971081835676
50th Percentile,4.294091340411814,-0.11651628223877616
95th Percentile (Adverse),1.0702817517265826,1.3982689219124833
99th Percentile (Extreme),0.9173442147421055,1.566388423501882
