Scenario,Climate_Value,q_estimate,Relative_Tail_Risk
Baseline (Static),0.46185555399758516,0.7130796115415309,1.0
Average Climate,0.46185555399758516,4.140528510525385,0.17221946660404697
50th Percentile,0.518247909614902,3.912551702482148,0.18225436128783898
95th Percentile (Adverse),1.844380656050249,1.0329122716856978,0.6903583499669292
99th Percentile (Extreme),1.8601089687413057,1.016724965848525,0.7013495640351649
