Scenario,Climate_Value,q_estimate,Relative_Tail_Risk
Baseline (Static),0.43166267228444416,1.5478187729499961,1.0
Average Climate,0.43166267228444416,9.918378467372142,0.15605562724206956
50th Percentile,0.34900000517567,11.185105053172341,0.13838213996130513
95th Percentile (Adverse),0.8120000310987234,5.705151979602207,0.27130193524799284
99th Percentile (Extreme),0.8296666539460421,5.560466017582565,0.2783613402286229
