Scenario,Climate_Value,q_estimate,Relative_Tail_Risk
Baseline (Static),0.2468652451486689,1.5519519316953903,1.0
Average Climate,0.2468652451486689,7.68212069099696,0.2020212899693435
50th Percentile,0.2416617582600352,8.03680086659642,0.19310568439561707
95th Percentile (Adverse),0.3848818880004634,2.32037369846779,0.6688370639264655
99th Percentile (Extreme),0.4307344770184349,1.5589292817091425,0.9955242677807024
