Scenario,q_parameter,Pure_Premium,Mean_Loss,Std_Loss,Skewness,VaR_95,VaR_99,TVaR_95,TVaR_99
Baseline,0.7130796115415309,55608203.90487167,1900405.9828848029,1097233.3901847482,6.496943876983545e-11,3610811.965811966,3781904.761904762,3705979.075864361,3791039.0020741224
Adverse Climate,1.0329122716856978,30023252.713934563,1900405.1403952725,1097228.2642413215,1.4004079898008106e-06,3610811.965811966,3781904.761904762,3705977.561687609,3791038.787665405
