Scenario,q_parameter,Pure_Premium,Mean_Loss,Std_Loss,Skewness,VaR_95,VaR_99,TVaR_95,TVaR_99
Baseline,1.5478187729499961,1130393.6538025895,1130209.0731817186,495060.17791494005,0.6880264539747901,2034554.3345543346,2702686.2026862027,2328042.7241608114,2943728.856834447
Adverse Climate,5.705151979602207,10184.452108562618,10184.390801571437,16573.50984137466,3.3043997306916446,42454.21245421245,91056.16605616605,63264.61819448199,117815.49483412837
