Scenario,q_parameter,Pure_Premium,Mean_Loss,Std_Loss,Skewness,VaR_95,VaR_99,TVaR_95,TVaR_99
Baseline,0.7130796115415309,55608203.90487167,1900405.9828848029,1097233.3901847482,6.496943876983545e-11,3610811.965811966,3781904.761904762,3704630.4467733037,3790933.8306737146
Adverse Climate,1.0702817517265826,28022925.179352988,1900406.2572863502,1097247.5457947666,-4.5605036130498813e-07,3610811.965811966,3781904.761904762,3704634.7132061417,3790934.2776683816
