Scenario,q_parameter,Pure_Premium,Mean_Loss,Std_Loss,Skewness,VaR_95,VaR_99,TVaR_95,TVaR_99
Baseline,0.7130796115415309,55608203.90487167,1900101.4770518988,1097032.4689197263,-9.484699554963153e-12,3610208.7529756455,3781212.2321919063,3705384.610748419,3790665.436335548
Adverse Climate,0.6417716503873778,64205589.3755723,1900101.4770301322,1097032.468912653,3.7035216498681465e-14,3610208.7529756455,3781212.2321919063,3705004.366018075,3790634.3911528937
